prompt,theme,type,shortdesc
cara belajar python,pemrograman,indoor,cara belajar Python dengan efektif dan memahami konsep dasar pemrograman.
cara membaca buku efektif,pendidikan,indoor,memahami teknik efektif dalam membaca buku agar dapat meningkatkan pemahaman bacaan.
cara menulis catatan dengan benar,pendidikan,indoor,menulis catatan dengan benar untuk membantu mempertajam pemahaman materi.
cara mengikuti kuliah online,pendidikan,indoor,mengikuti kuliah online dengan efektif dan mengoptimalkan proses pembelajaran jarak jauh.
cara menyusun rencana pelajaran,pendidikan,indoor,menyusun rencana pelajaran yang efektif untuk memastikan tujuan pembelajaran tercapai.
cara agar siap mengikuti ujian online,pendidikan,indoor,mempersiapkan diri secara efektif untuk menghadapi ujian secara online.
cara menggambar sketsa,seni,indoor,mengasah keterampilan menggambar sketsa dengan berbagai teknik yang efektif.
belajar cara bermain piano,seni,indoor,memulai perjalanan belajar bermain piano dengan pemahaman mendalam tentang teknik dasar.
belajar cara melukis lukisan,seni,indoor,mempelajari berbagai teknik melukis lukisan mulai dari sketsa dasar hingga detail yang kompleks.
belajar bermain alat musik,seni,indoor,memulai proses belajar bermain berbagai alat musik dengan pemahaman mendalam.
belajar membuat film,seni,indoor,mengasah keterampilan dalam pembuatan film mulai dari pengembangan ide hingga proses produksi.
cara bermain game elden ring,hiburan,indoor,mengenal dan memahami teknik dasar dalam bermain game Elden Ring secara efektif.
cara berjalan di taman untuk introvert,hiburan,outdoor,menghabiskan waktu di taman dengan cara yang menenangkan bagi individu yang introvert.
belajar bersepeda,olahraga,outdoor,memulai perjalanan belajar bersepeda dan memahami teknik dasar serta keamanan dalam bersepeda.
cara mengunjungi museum,hiburan,outdoor,mengenal tips dan trik untuk mengunjungi museum secara efektif dan mendapatkan pengalaman yang berharga.
cara melakukan yoga,kesehatan,indoor,mengasah keterampilan dalam melakukan yoga dengan fokus pada manfaat kesehatan dan kesejahteraan.
belajar melakukan meditasi,kesehatan,indoor,memulai perjalanan belajar meditasi dengan pemahaman tentang teknik dasar dan manfaatnya.
cara berolahraga di gym,kesehatan,indoor,memahami teknik dan strategi efektif dalam berolahraga di gym untuk mencapai tujuan kebugaran.
belajar olahraga calisthenic,kesehatan,indoor,mempelajari teknik dasar dan manfaat olahraga calisthenic dalam menjaga kebugaran tubuh.
belajar cara  memasak,makanan,indoor,mempelajari berbagai teknik dasar dalam memasak berbagai hidangan dengan efektif dan kreatif.
belajar cara berkebun,hobi,outdoor,memulai perjalanan belajar berkebun dengan pemahaman tentang teknik dasar dan perawatan tanaman.
cara efektif menyusun bahan makanan,makanan,indoor,mengatur bahan makanan secara efisien untuk memaksimalkan penggunaan dan kualitas masakan.
bagaimana cara mengadakan konser musik,hiburan,indoor,mengenal proses dan tips dalam menyelenggarakan konser musik yang sukses.
cara menyanyi karaoke di kamar,hiburan,indoor,menyanyikan lagu karaoke di kamar dengan tips dan trik untuk meningkatkan pengalaman karaoke.
cara bermain sepak bola,olahraga,outdoor,mempelajari teknik dasar bermain sepak bola dan strategi untuk meningkatkan kemampuan.
cara bermain tenis,olahraga,outdoor,mempelajari teknik dan aturan dasar bermain tenis untuk memulai perjalanan dalam olahraga ini.
cara berenang di kolam renang,olahraga,outdoor,mengetahui teknik dasar dan tips berenang di kolam renang untuk meningkatkan keterampilan renang.
cara mengikuti kompetisi lari untuk pemula,olahraga,outdoor,mempersiapkan diri untuk mengikuti kompetisi lari pertama dengan tips dan strategi yang efektif.
cara mengunjungi tempat wisata,hobi,outdoor,mengenal cara terbaik untuk mengunjungi tempat wisata dan merencanakan perjalanan liburan yang menyenangkan.
cara berkemah,hobi,outdoor,mempersiapkan peralatan dan mengetahui tips berkemah yang diperlukan untuk perjalanan berkemah yang sukses.
cara mengambil foto aestetik,seni,outdoor,mengasah keterampilan dalam mengambil foto yang estetis dengan memahami teknik dan prinsip dasar fotografi.
cara menghadiri konferensi,pendidikan,indoor,mempersiapkan diri untuk menghadiri konferensi dengan memahami etika dan tips dalam menghadiri acara profesional.
cara merawat tanaman hias,hobi,indoor,merawat tanaman hias dengan pemahaman tentang kebutuhan perawatan dan tata cara perawatan yang efektif.
cara menata ruang tamu yang minimalis,hobi,indoor,mengatur ruang tamu secara minimalis dengan mengetahui prinsip desain dan tips dalam tata letak perabotan.
cara membuat origami,seni,indoor,mempelajari seni origami dengan memahami teknik dasar dan pola lipatan yang umum digunakan dalam origami.
belajar fotografi makro,seni,outdoor,mempelajari fotografi makro dengan memahami teknik dasar dan pengaturan kamera yang diperlukan untuk mengambil gambar detail.
cara merakit komputer sendiri,teknologi,indoor,Merakit komputer sendiri dengan memahami komponen-komponen yang diperlukan dan langkah-langkah perakitan yang tepat.
cara membuat program sederhana,pendidikan,indoor,mempelajari cara membuat program sederhana dengan memahami dasar-dasar pemrograman dan logika pemrograman.
cara merawat kesehatan gigi,kesehatan,indoor,mengasah kebiasaan merawat kesehatan gigi dengan memahami teknik dan tips perawatan gigi yang efektif.
cara memasak makanan khas daerah,makanan,indoor,mempelajari resep dan teknik memasak makanan khas daerah dengan bumbu dan cita rasa khas.
cara membuat website pribadi,pemrograman,indoor,membuat dan mendesain website pribadi dengan memahami dasar-dasar pemrograman web dan tata letak desain yang efektif.
cara mendesain pakaian,seni,indoor,membelajari dasar-dasar desain pakaian dan teknik merancang busana yang kreatif dan menarik.
belajar menari balet,seni,indoor,mempelajari gerakan dasar balet dan teknik latihan yang dibutuhkan untuk menguasai seni tari balet.
cara menghias kue ulang tahun,hobi,indoor,menghias kue ulang tahun dengan dekorasi yang menarik dan kreatif serta teknik penggunaan alat dekorasi yang tepat.
cara membuat perhiasan sendiri,hobi,indoor,menciptakan perhiasan unik dengan memahami teknik dasar pembuatan perhiasan dan pemilihan material yang sesuai.
cara mengurus kucing peliharaan,hobi,indoor,merawat kesehatan dan kebutuhan harian kucing peliharaan dengan memahami kebiasaan dan perawatan yang tepat.
cara belajar bahasa asing,pendidikan,indoor,mempelajari bahasa asing dengan metode belajar yang efektif dan meningkatkan kemampuan berbahasa.
cara mendaki gunung,olahraga,outdoor,mempersiapkan diri untuk mendaki gunung dengan memahami perlengkapan dan teknik pendakian yang aman dan efisien.
cara bermain ski di salju,olahraga,outdoor,mempelajari teknik dasar bermain ski di salju dengan memahami keseimbangan dan kontrol saat berada di atas salju.
cara memancing di danau,hobi,outdoor,mengetahui teknik memancing di danau dengan memahami jenis-jenis umpan dan alat pancing yang efektif.
cara mengelola proyek pemrograman,pemrograman,indoor,mengelola proyek pemrograman dengan memahami metodologi dan alat manajemen proyek yang diperlukan.
cara memahami teori belajar,pendidikan,indoor,mempelajari teori belajar dengan memahami konsep dasar dan strategi belajar yang efektif.
cara membuat rencana pembelajaran,pendidikan,indoor,membuat rencana pembelajaran yang efektif dengan memahami kurikulum dan strategi pengajaran yang sesuai.
cara menulis esai pendidikan,pendidikan,indoor,mempelajari teknik penulisan esai pendidikan dengan memahami struktur dan gaya penulisan yang tepat.
cara mempraktikkan seni lukis,seni,indoor,mempelajari seni lukis dengan memahami teknik dasar dan variasi gaya lukisan yang dapat dipraktikkan.
belajar menari salsa,seni,indoor,mempelajari gerakan dasar menari salsa dengan memahami ritme dan koordinasi gerakan yang diperlukan.
cara menulis lagu,seni,indoor,mengasah keterampilan menulis lagu dengan memahami struktur dan tema lagu yang populer.
cara membuat resep makanan sehat,makanan,indoor,menciptakan resep makanan sehat dengan memahami nutrisi dan pengolahan bahan makanan yang tepat.
cara memasak makanan penutup,makanan,indoor,mempelajari resep dan teknik memasak makanan penutup dengan variasi rasa dan presentasi yang menarik.
cara melakukan yoga pernapasan,kesehatan,indoor,mengasah teknik pernapasan dalam yoga dengan memahami manfaat dan latihan yang mendukung kesehatan.
belajar yoga untuk kesehatan mental,kesehatan,indoor,mempelajari manfaat yoga untuk kesehatan mental dengan memahami teknik meditasi dan relaksasi yang efektif.
cara berlari untuk kebugaran,olahraga,outdoor,mempelajari teknik dan strategi berlari untuk meningkatkan kebugaran dan daya tahan tubuh.
cara bermain basket,olahraga,outdoor,mempelajari teknik dasar bermain basket dengan memahami aturan dan strategi permainan yang efektif.
cara berenang gaya bebas,olahraga,outdoor,mempelajari teknik berenang gaya bebas dengan memahami teknik tarikan dan gerakan kaki yang tepat.
cara merawat ikan hias,hobi,indoor,merawat ikan hias dengan memahami jenis-jenis ikan dan kebutuhan perawatan yang dibutuhkan.
cara merawat tanaman bonsai,hobi,indoor,merawat tanaman bonsai dengan memahami teknik pemangkasan dan penyiraman yang sesuai.
cara merawat kucing persia,hobi,indoor,merawat kesehatan dan perawatan kucing persia dengan memahami kebutuhan khusus ras kucing ini.
cara belajar bahasa Prancis,pendidikan,indoor,mempelajari bahasa Prancis dengan metode belajar yang efektif dan meningkatkan kemampuan berbahasa.
cara memperbaiki mobil sendiri,otomotif,outdoor,mempelajari cara sederhana memperbaiki mobil sendiri dengan memahami komponen-komponen dasar pada mobil.
cara merawat mobil klasik,otomotif,outdoor,merawat dan mempertahankan mobil klasik dengan memahami teknik perawatan khusus yang diperlukan.
cara merancang mobil futuristik,otomotif,indoor,mengenal proses dan prinsip dasar dalam merancang mobil futuristik yang inovatif dan efisien.
cara membuat kerajinan tangan unik,seni,indoor,menciptakan kerajinan tangan unik dengan memahami teknik dasar dan pilihan material yang kreatif.
cara menggambar pemandangan alam,seni,outdoor,mempelajari teknik dasar menggambar pemandangan alam dengan memahami komposisi dan perspektif gambar.
cara merakit komputer gaming,teknologi,indoor,Membuat dan merakit komputer gaming sendiri dengan memahami spesifikasi dan kinerja hardware yang diperlukan.
cara membuat kue ulang tahun sendiri,hobi,indoor,membuat kue ulang tahun sendiri dengan memahami resep dan teknik dekorasi yang sesuai.
cara membuat kue kering Lebaran,hobi,indoor,membuat kue kering khas Lebaran dengan memahami variasi resep dan teknik pembuatan kue kering yang tepat.
cara bermain golf di lapangan terbuka,olahraga,outdoor,mempelajari teknik bermain golf di lapangan terbuka dengan memahami peralatan dan aturan permainan yang berlaku.
cara bermain voli,olahraga,outdoor,mempelajari teknik dasar bermain voli dengan memahami strategi permainan dan kerjasama tim yang dibutuhkan.
cara bermain bulu tangkis,olahraga,indoor,mempelajari teknik dasar bermain bulu tangkis dengan memahami aturan permainan dan keterampilan pukulan yang diperlukan.
cara memulai jogging untuk pemula,olahraga,outdoor,mempersiapkan diri untuk memulai jogging dengan memahami teknik pemanasan dan program latihan yang efektif.
cara memasak masakan Korea,makanan,indoor,mempelajari resep dan teknik memasak masakan Korea dengan memahami bumbu dan proses masak yang khas.
cara belajar matematika secara mandiri,pendidikan,indoor,mempelajari matematika secara mandiri dengan memahami konsep dan latihan soal yang efektif.
cara mengembangkan aplikasi mobile,pemrograman,indoor,membuat dan mengembangkan aplikasi mobile dengan memahami bahasa pemrograman dan framework yang digunakan.
cara memahami anatomi tubuh manusia,kesehatan,indoor,mempelajari anatomi tubuh manusia dengan memahami sistem organ dan fungsi masing-masing bagian tubuh.
cara memasak masakan Italia,makanan,indoor,mempelajari resep dan teknik memasak masakan Italia dengan memahami bumbu dan cita rasa yang khas.
cara mengelola restoran,hobi,indoor,mengelola restoran dengan memahami prinsip manajemen restoran dan strategi pengembangan bisnis yang efektif.
cara merawat tanaman kaktus,hobi,indoor,merawat tanaman kaktus dengan memahami kebutuhan perawatan khusus dan lingkungan yang sesuai.
cara menari tarian tradisional,seni,indoor,mempelajari gerakan tarian tradisional dengan memahami ritme dan koreografi yang khas.
cara menghias ruangan dengan lukisan,seni,indoor,menghias ruangan dengan lukisan seni dengan memahami prinsip desain dan tata letak lukisan yang sesuai.
cara mengikuti audisi musik,hiburan,indoor,Langkah-langkah untuk mempersiapkan dan mengikuti audisi musik secara efektif.
cara bermain skateboard,olahraga,outdoor,Panduan dasar untuk bermain skateboard dengan aman dan teknik yang tepat.
cara bermain badminton,olahraga,indoor,Petunjuk dasar untuk bermain badminton secara efektif dan meningkatkan keterampilan.
cara merawat mobil listrik,otomotif,indoor,Tips merawat dan menjaga mobil listrik agar tetap dalam kondisi optimal.
cara membuat bunga dari kertas,seni,indoor,Panduan langkah demi langkah untuk membuat bunga yang indah dari kertas.
cara mengelola waktu belajar,pendidikan,indoor,Tips efektif dalam mengatur waktu belajar agar lebih produktif dan efisien.
cara memahami bahasa pemrograman Java,pemrograman,indoor,Petunjuk untuk memahami konsep dasar dan prinsip bahasa pemrograman Java.
cara melakukan operasi bedah sederhana,kesehatan,indoor,Panduan langkah demi langkah untuk melakukan operasi bedah yang sederhana dan aman.
cara membuat makanan penutup Korea,makanan,indoor,Resep dan langkah-langkah untuk membuat makanan penutup Korea yang lezat.
cara merawat burung kenari,hobi,indoor,Langkah-langkah untuk merawat burung kenari dengan baik dan memastikan kesehatan dan kesejahteraannya.
cara memasak masakan Thailand,makanan,indoor,Resep dan petunjuk untuk memasak masakan Thailand yang autentik dan lezat.
cara membuat instalasi seni kontemporer,seni,indoor,Petunjuk untuk membuat instalasi seni kontemporer yang menarik dan kreatif.
cara mengelola acara musik live,hiburan,indoor,Panduan langkah demi langkah dalam mengatur dan mengelola acara musik live dengan sukses.
cara bermain hoki es,olahraga,outdoor,Petunjuk dasar untuk bermain hoki es dengan teknik yang baik dan aman.
cara memperbaiki motor sendiri,otomotif,outdoor,Petunjuk langkah demi langkah untuk memperbaiki motor sendiri dan melakukan perawatan dasar.
cara mendesain interior mobil,otomotif,indoor,Panduan untuk merancang dan mengubah interior mobil agar lebih fungsional dan menarik.
cara membuat kerajinan dari batu,seni,indoor,Petunjuk langkah demi langkah untuk membuat kerajinan kreatif dari batu.
cara melatih anjing untuk perlombaan,hobi,indoor,Panduan untuk melatih anjing agar siap untuk berkompetisi dalam perlombaan.
cara memasak makanan diet rendah kalori,makanan,indoor,Resep dan petunjuk untuk memasak makanan lezat dengan rendah kalori.
cara mengikuti kursus tari salsa,seni,indoor,Langkah-langkah untuk bergabung dan mengikuti kursus tari salsa dengan efektif.
cara merancang baju untuk fashion show,hiburan,indoor,Petunjuk untuk merancang pakaian yang menarik dan sesuai dengan tema fashion show.
cara bermain hoki udara,olahraga,indoor,Petunjuk dasar untuk bermain hoki udara dengan teknik yang tepat dan strategi yang efektif.
cara belajar JavaScript untuk pemula,pemrograman,indoor,Panduan belajar JavaScript dari dasar bagi pemula untuk pemahaman yang efektif.
cara mengembangkan situs web responsif,pemrograman,indoor,Langkah-langkah untuk mengembangkan situs web yang responsif dan menarik.
cara membuat aplikasi berbasis Android,pemrograman,indoor,Panduan langkah demi langkah dalam membuat aplikasi Android yang efektif dan fungsional.
cara menulis kode CSS yang efisien,pemrograman,indoor,Tips dan trik untuk menulis kode CSS dengan efisien dan efektif.
cara menggunakan framework ReactJS,pemrograman,indoor,Petunjuk untuk menggunakan framework ReactJS dalam pengembangan aplikasi web.
cara mengoptimalkan performa aplikasi web,pemrograman,indoor,Petunjuk untuk mengoptimalkan performa aplikasi web agar berjalan dengan lancar dan efisien.
cara menguasai algoritma dan struktur data,pemrograman,indoor,Panduan untuk memahami dan menguasai konsep dasar algoritma dan struktur data dalam pemrograman.
cara mengimplementasikan REST API,pemrograman,indoor,Petunjuk langkah demi langkah untuk mengimplementasikan REST API dalam pengembangan perangkat lunak.
cara mengelola basis data dengan SQL,pemrograman,indoor,Langkah-langkah untuk mengelola basis data dengan menggunakan bahasa pemrograman SQL.
cara menerapkan metode Agile dalam pengembangan perangkat lunak,pemrograman,indoor,Petunjuk untuk menerapkan metodologi Agile dalam pengembangan perangkat lunak secara efektif.
cara menguasai bahasa pemrograman Python,pemrograman,indoor,Panduan untuk menguasai bahasa pemrograman Python dari dasar hingga tingkat lanjutan.
cara memahami konsep dasar OOP (Object-Oriented Programming),pemrograman,indoor,Penjelasan konsep dasar tentang pemrograman berorientasi objek (OOP).
cara mengatasi error debugging dalam kode,pemrograman,indoor,Tips dan strategi untuk mengatasi error debugging dalam proses pengembangan perangkat lunak.
cara menggunakan Git dan GitHub untuk kolaborasi kode,pemrograman,indoor,Petunjuk untuk menggunakan Git dan GitHub dalam kolaborasi pengembangan kode secara efisien.
cara membuat tampilan antarmuka pengguna yang menarik,pemrograman,indoor,Strategi dan prinsip dasar untuk merancang tampilan antarmuka pengguna yang menarik dan fungsional.cara membuat tampilan antarmuka pengguna yang menarik
cara mengembangkan aplikasi iOS menggunakan Swift,pemrograman,indoor,Petunjuk langkah demi langkah untuk mengembangkan aplikasi iOS dengan menggunakan bahasa pemrograman Swift.
cara membangun sistem keamanan dalam aplikasi,pemrograman,indoor,Petunjuk untuk membangun sistem keamanan yang efektif dan tangguh dalam pengembangan aplikasi.
cara memanfaatkan teknologi Blockchain dalam pengembangan aplikasi,pemrograman,indoor,Panduan langkah demi langkah untuk memanfaatkan teknologi Blockchain dalam pengembangan aplikasi.
cara merancang arsitektur perangkat lunak yang scalable,pemrograman,indoor,Petunjuk untuk merancang arsitektur perangkat lunak yang dapat diukur secara efisien.
cara mengintegrasikan data dari berbagai sumber menggunakan API,pemrograman,indoor,Langkah-langkah untuk mengintegrasikan data dari berbagai sumber dengan menggunakan Application Programming Interface (API).
cara membuat chatbot dengan Python,pemrograman,indoor,Petunjuk langkah demi langkah untuk membuat chatbot menggunakan bahasa pemrograman Python.
cara mengelola proyek pengembangan perangkat lunak secara efisien,pemrograman,indoor,Strategi dan metode untuk mengelola proyek pengembangan perangkat lunak dengan efisien.
cara memahami konsep rekayasa perangkat lunak,pemrograman,indoor,Penjelasan konsep dasar tentang rekayasa perangkat lunak dalam pengembangan aplikasi.
cara mengembangkan game sederhana dengan Unity,pemrograman,indoor,Petunjuk langkah demi langkah untuk mengembangkan game sederhana menggunakan platform Unity.
cara memahami konsep DevOps dalam siklus pengembangan perangkat lunak,pemrograman,indoor,Penjelasan konsep dasar tentang praktik DevOps dalam siklus pengembangan perangkat lunak.
cara mengimplementasikan keamanan pada aplikasi web,pemrograman,indoor,Petunjuk untuk mengimplementasikan lapisan keamanan yang efektif pada aplikasi web.
cara menggunakan framework Angular untuk pengembangan web,pemrograman,indoor,Petunjuk untuk menggunakan framework Angular dalam pengembangan aplikasi web secara efisien.
cara membuat aplikasi mobile dengan Flutter,pemrograman,indoor,Panduan langkah demi langkah dalam membuat aplikasi mobile menggunakan framework Flutter.
cara menguasai pengujian perangkat lunak secara menyeluruh,pemrograman,indoor,Petunjuk untuk menguasai praktik pengujian perangkat lunak secara komprehensif dan efektif.
cara belajar matematika dengan mudah,pendidikan,indoor,Tips dan strategi untuk belajar matematika dengan mudah dan efektif.
cara mengembangkan keterampilan membaca,pendidikan,indoor,Petunjuk untuk mengembangkan keterampilan membaca secara efisien dan efektif.
cara memahami konsep fisika dasar,pendidikan,indoor,Penjelasan konsep dasar tentang fisika untuk pemahaman yang lebih baik.
cara mengajar anak-anak tentang sejarah dunia,pendidikan,indoor,Panduan untuk mengajar anak-anak tentang sejarah dunia secara menarik dan informatif.
cara menerapkan metode Montessori dalam pembelajaran,pendidikan,indoor,Petunjuk untuk menerapkan metode Montessori dalam proses pembelajaran anak.
cara mempersiapkan ujian masuk perguruan tinggi,pendidikan,indoor,Tips dan strategi untuk mempersiapkan diri menghadapi ujian masuk perguruan tinggi.
cara memahami teori psikologi dalam pendidikan,pendidikan,indoor,Penjelasan tentang teori psikologi yang dapat diterapkan dalam konteks pendidikan.
cara mengajar Bahasa Inggris untuk pemula,pendidikan,indoor,Petunjuk untuk mengajar Bahasa Inggris kepada pemula dengan cara yang efektif dan menarik.
cara mengenalkan seni kepada anak-anak,pendidikan,indoor,Petunjuk untuk mengenalkan berbagai aspek seni kepada anak-anak secara kreatif dan menarik.
cara memahami kurikulum pendidikan nasional,pendidikan,indoor,Penjelasan tentang kurikulum pendidikan nasional dan implementasinya dalam proses belajar-mengajar.
cara menerapkan pembelajaran berbasis proyek,pendidikan,indoor,Petunjuk untuk menerapkan metode pembelajaran berbasis proyek dalam kelas.
cara mengatasi tantangan dalam pembelajaran jarak jauh,pendidikan,indoor,Strategi dan metode untuk mengatasi tantangan dalam pembelajaran jarak jauh.
cara mengembangkan literasi digital di kalangan pelajar,pendidikan,indoor,Petunjuk untuk mengembangkan literasi digital di kalangan pelajar agar lebih terampil dalam penggunaan teknologi.
cara mengajar dengan menggunakan media interaktif,pendidikan,indoor,Petunjuk untuk mengajar dengan menggunakan berbagai media interaktif agar proses pembelajaran lebih menarik.
cara menerapkan penilaian formatif dalam pembelajaran,pendidikan,indoor,Petunjuk untuk menerapkan penilaian formatif dalam proses pembelajaran agar memantau perkembangan siswa secara efektif.
cara mengenalkan sains melalui eksperimen,pendidikan,indoor,Petunjuk untuk mengenalkan konsep sains kepada anak-anak melalui eksperimen yang menarik dan edukatif.
cara mengatasi kesulitan belajar pada anak-anak,pendidikan,indoor,Strategi untuk membantu anak-anak mengatasi kesulitan belajar dengan efektif.
cara memahami perkembangan kognitif pada remaja,pendidikan,indoor,Penjelasan tentang perkembangan kognitif pada remaja dan cara mendukungnya.
cara menumbuhkan minat membaca pada generasi muda,pendidikan,indoor,Strategi untuk menumbuhkan minat membaca pada generasi muda agar lebih terampil dan berpengetahuan luas.
cara memahami kebutuhan khusus dalam pembelajaran,pendidikan,indoor,Penjelasan tentang kebutuhan khusus siswa
cara mempersiapkan pelajaran dengan pendekatan yang menarik,pendidikan,indoor,Strategi untuk mempersiapkan pelajaran dengan pendekatan yang menarik dan menarik perhatian siswa.
cara mengembangkan keterampilan sosial pada anak-anak,pendidikan,indoor,Petunjuk untuk mengembangkan keterampilan sosial pada anak-anak agar dapat berinteraksi dengan baik di lingkungan sosial.
cara memahami pendekatan pembelajaran berbasis inklusi,pendidikan,indoor,Penjelasan tentang pendekatan pembelajaran berbasis inklusi untuk menciptakan lingkungan belajar yang inklusif bagi semua siswa.
cara mengajar musik kepada anak-anak,pendidikan,indoor,Strategi dan metode untuk mengajar musik kepada anak-anak agar lebih memahami dan mengapresiasi seni musik.
cara mengenalkan seni rupa kepada siswa,pendidikan,indoor,Petunjuk untuk mengenalkan berbagai aspek seni rupa kepada siswa dengan cara yang menarik dan interaktif.
cara menerapkan teknologi dalam pembelajaran,pendidikan,indoor,Strategi untuk menerapkan teknologi dalam proses pembelajaran agar lebih menarik dan efektif.
cara mengembangkan kreativitas pada siswa,pendidikan,indoor,Petunjuk untuk mengembangkan kreativitas pada siswa melalui berbagai aktivitas pembelajaran yang menarik.
cara mengevaluasi efektivitas pembelajaran,pendidikan,indoor,Strategi untuk mengevaluasi efektivitas proses pembelajaran dan memastikan pencapaian tujuan pembelajaran.
cara mengatasi tantangan dalam pengajaran online,pendidikan,indoor,Strategi untuk mengatasi tantangan yang muncul dalam proses pengajaran online agar pembelajaran tetap efektif.
cara memahami perkembangan bahasa pada anak usia dini,pendidikan,indoor,Penjelasan tentang perkembangan bahasa pada anak usia dini dan cara mendukungnya secara efektif.
cara melakukan hiking di pegunungan,alam,outdoor,Panduan untuk melakukan hiking di pegunungan dengan aman dan memahami prinsip-prinsip dasar hiking.
cara memotret keindahan alam,alam,outdoor,Tips dan teknik untuk memotret keindahan alam dengan menggunakan kamera secara efektif.
cara bertahan hidup di alam liar,alam,outdoor,Petunjuk untuk bertahan hidup di alam liar dan mengatasi berbagai tantangan yang mungkin muncul.
cara merawat tanaman di kebun,alam,outdoor,Panduan untuk merawat tanaman di kebun dengan cara yang efektif dan memastikan pertumbuhan yang sehat.
cara menjaga kelestarian hutan,alam,outdoor,Strategi untuk menjaga kelestarian hutan dan memahami pentingnya menjaga ekosistem hutan yang sehat.
cara menjelajahi taman nasional,alam,outdoor,Petunjuk untuk menjelajahi taman nasional dengan memahami peraturan dan kegiatan yang dapat dilakukan di dalamnya.
cara memahami ekosistem sungai,alam,outdoor,Penjelasan tentang ekosistem sungai dan pentingnya menjaga keseimbangan ekosistem tersebut.
cara melakukan camping di hutan,alam,outdoor,Petunjuk untuk melakukan camping di hutan dengan aman dan memahami prinsip-prinsip dasar camping.
cara memahami flora dan fauna lokal,alam,outdoor,Penjelasan tentang flora dan fauna lokal serta pentingnya melestarikan keanekaragaman hayati di lingkungan setempat.
cara berkebun organik di rumah,alam,outdoor,Langkah-langkah untuk berkebun secara organik di rumah dan memanfaatkan sumber daya yang ada secara efisien.
cara memahami siklus hidup tanaman,alam,outdoor,Penjelasan tentang siklus hidup tanaman dan tahapan-tahapan yang terjadi selama siklus tersebut.
cara mendaki gunung dengan aman,alam,outdoor,Petunjuk untuk mendaki gunung dengan aman dan memahami persiapan yang diperlukan sebelum melakukan pendakian.
cara memahami pola cuaca,alam,outdoor,Penjelasan tentang pola cuaca dan bagaimana cara memahami serta memprediksi perubahan cuaca yang mungkin terjadi.
cara menjaga kebersihan pantai,alam,outdoor,Strategi untuk menjaga kebersihan pantai dan memahami pentingnya menjaga ekosistem pantai yang sehat.
cara memahami geologi dasar,alam,outdoor,Penjelasan tentang konsep dasar geologi dan membantu memahami pembentukan serta struktur bumi.
cara mengenal jenis-jenis burung,alam,outdoor,Petunjuk untuk mengenal berbagai jenis burung dan memahami keunikan serta karakteristik masing-masing jenis.
cara merawat kebun binatang,alam,outdoor,Panduan untuk merawat kebun binatang dengan memastikan kesejahteraan hewan dan memenuhi kebutuhan mereka.
cara memahami keanekaragaman hayati,alam,outdoor,Penjelasan tentang keanekaragaman hayati dan pentingnya menjaga keberagaman hayati di lingkungan sekitar.
cara melakukan observasi bintang,alam,outdoor,Petunjuk untuk melakukan observasi bintang dan memahami konstelasi serta fenomena langit yang terjadi.
cara merawat hewan langka,alam,outdoor,Strategi untuk merawat hewan langka dengan memastikan lingkungan hidup yang sesuai dan perawatan yang optimal.
cara memahami siklus hidup serangga,alam,outdoor,Penjelasan tentang siklus hidup serangga dan pentingnya peran serangga dalam ekosistem.
cara mengenali tumbuhan obat alami,alam,outdoor,Petunjuk untuk mengenali berbagai tumbuhan obat alami dan manfaat kesehatan yang terkait dengan masing-masing tumbuhan.cara menjaga kebersihan danau alam outdoor
cara memahami pengelolaan sumber daya alam,alam,outdoor,Penjelasan tentang konsep dan praktik pengelolaan sumber daya alam serta pentingnya menjaga keseimbangan ekosistem.
cara menjaga kebersihan lingkungan,alam,outdoor,Strategi untuk menjaga kebersihan lingkungan dan peran penting individu dalam menjaga kebersihan di sekitar kita.
cara memahami risiko bencana alam,alam,outdoor,Penjelasan tentang risiko bencana alam faktor yang mempengaruhinya dan bagaimana cara mempersiapkan diri menghadapi risiko tersebut.
cara memahami pola migrasi hewan,alam,outdoor,Penjelasan tentang pola migrasi hewan faktor-faktor yang mempengaruhinya dan pentingnya pelestarian jalur migrasi.
cara merencanakan ekspedisi alam,alam,outdoor,Langkah-langkah untuk merencanakan ekspedisi alam dengan mempertimbangkan faktor keamanan dan keselamatan serta persiapan yang diperlukan.
cara memahami ekologi pesisir,alam,outdoor,Penjelasan tentang ekologi pesisir pentingnya menjaga ekosistem pesisir dan peran ekosistem pesisir dalam menjaga keseimbangan ekosistem laut.
cara mengenali pola aliran sungai,alam,outdoor,Penjelasan tentang pola aliran sungai faktor-faktor yang memengaruhinya dan pentingnya menjaga kebersihan dan kelestarian sungai.
cara memulai bisnis kecil-kecilan,ekonomi,indoor,Petunjuk langkah demi langkah untuk memulai bisnis kecil-kecilan dengan mempertimbangkan perencanaan pemasaran dan manajemen keuangan yang efektif.
cara memahami prinsip ekonomi mikro,ekonomi,indoor,Penjelasan tentang prinsip dasar ekonomi mikro dan penerapannya dalam berbagai aspek kegiatan ekonomi.
cara mengelola keuangan pribadi dengan baik,ekonomi,indoor,Petunjuk untuk mengelola keuangan pribadi dengan baik termasuk perencanaan anggaran investasi dan pengelolaan utang.
cara memahami pasar modal,ekonomi,indoor,Penjelasan tentang pasar modal instrumen-instrumen keuangan yang terkait dan cara berinvestasi secara efektif di pasar modal.
cara mengembangkan strategi pemasaran,ekonomi,indoor,Petunjuk untuk mengembangkan strategi pemasaran yang efektif untuk memasarkan produk atau layanan secara optimal.
cara menghitung investasi yang menguntungkan,ekonomi,indoor,Petunjuk untuk menghitung potensi investasi yang menguntungkan dengan mempertimbangkan risiko dan pengembalian investasi.
cara memahami ekonomi global,ekonomi,indoor,Penjelasan tentang konsep ekonomi global faktor-faktor yang mempengaruhinya dan peran ekonomi global dalam perekonomian dunia.
cara menerapkan prinsip ekonomi makro,ekonomi,indoor,Penjelasan tentang prinsip dasar ekonomi makro dan penerapannya dalam analisis kegiatan ekonomi secara keseluruhan.
cara memahami dampak inflasi dalam perekonomian,ekonomi,indoor,Penjelasan tentang dampak inflasi dalam perekonomian strategi menghadapinya dan pengelolaan kebijakan moneter.
cara mengelola risiko keuangan,ekonomi,indoor,Strategi untuk mengelola risiko keuangan dengan efektif termasuk pengelolaan aset asuransi dan diversifikasi investasi.
cara memahami siklus bisnis,ekonomi,indoor,Penjelasan tentang siklus bisnis tahapan-tahapan yang terjadi dan dampaknya terhadap perekonomian.
cara menghitung pajak penghasilan,ekonomi,indoor,Petunjuk untuk menghitung pajak penghasilan secara akurat dan memahami ketentuan perpajakan yang berlaku.
cara mengembangkan produk yang kompetitif,ekonomi,indoor,Strategi untuk mengembangkan produk yang kompetitif dengan memahami kebutuhan pasar dan mengikuti tren industri.
cara memahami kebijakan moneter,ekonomi,indoor,Penjelasan tentang kebijakan moneter peran bank sentral dan dampaknya terhadap kegiatan ekonomi.
cara menghitung biaya produksi,ekonomi,indoor,Petunjuk untuk menghitung biaya produksi secara efisien dengan mempertimbangkan faktor-faktor produksi yang terlibat.
cara mengelola rantai pasokan,ekonomi,indoor,Penjelasan tentang manajemen rantai pasokan strategi pengadaan produksi dan distribusi yang efisien.
cara memahami ekonomi kreatif,ekonomi,indoor,Penjelasan tentang konsep ekonomi kreatif peran industri kreatif dan dampaknya terhadap pertumbuhan ekonomi.
cara memulai investasi properti,ekonomi,indoor,Petunjuk langkah demi langkah untuk memulai investasi properti dengan memahami pasar properti analisis risiko dan strategi investasi yang efektif.
cara mengembangkan startup teknologi,ekonomi,indoor,Petunjuk untuk mengembangkan startup teknologi dengan memahami tren industri pengembangan produk dan strategi pemasaran yang inovatif.
cara memahami ekonomi pembangunan,ekonomi,indoor,Penjelasan tentang ekonomi pembangunan strategi pengentasan kemiskinan dan peran pembangunan ekonomi dalam meningkatkan kesejahteraan masyarakat.
cara mengelola bisnis waralaba,ekonomi,indoor,Petunjuk untuk mengelola bisnis waralaba dengan efektif termasuk pengelolaan merek pelatihan karyawan dan pengawasan operasional.
cara memahami prinsip perdagangan internasional,ekonomi,indoor,Penjelasan tentang prinsip perdagangan internasional keuntungan dan tantangan yang terkait serta peran lembaga perdagangan internasional.
cara mengelola bisnis keluarga,ekonomi,indoor,Strategi untuk mengelola bisnis keluarga dengan efisien termasuk pengelolaan sumber daya konflik kepentingan dan perencanaan suksesi.
cara menghitung biaya pengiriman internasional,ekonomi,indoor,Petunjuk untuk menghitung biaya pengiriman internasional dengan efektif termasuk pengelolaan logistik dan perhitungan tarif yang tepat.
cara memahami teori nilai tukar,ekonomi,indoor,Penjelasan tentang teori nilai tukar faktor-faktor yang mempengaruhinya dan peran nilai tukar dalam perdagangan internasional.
cara mengembangkan keuangan inklusif,ekonomi,indoor,Strategi untuk mengembangkan keuangan inklusif dengan memperluas akses ke layanan keuangan bagi masyarakat yang belum terlayani.cara mengelola bisnis ritel ekonomi.
cara memahami ekonomi sumber daya,ekonomi,indoor,Penjelasan tentang konsep dasar ekonomi sumber daya termasuk bagaimana sumber daya alam dan manusia dikelola dalam konteks kegiatan ekonomi.
cara menghitung margin keuntungan,ekonomi,indoor,Petunjuk langkah demi langkah untuk menghitung margin keuntungan dengan mempertimbangkan biaya produksi dan pendapatan penjualan.
cara memahami pasar komoditas,ekonomi,indoor,Penjelasan tentang pasar komoditas faktor-faktor yang memengaruhi harga komoditas dan peran pasar komoditas dalam perdagangan global.
cara mengelola tim kerja yang efektif,bisnis,indoor,Strategi untuk mengelola tim kerja dengan efektif termasuk memotivasi anggota tim memfasilitasi komunikasi dan membangun kolaborasi yang baik.
cara memulai bisnis konsultan,bisnis,indoor,Langkah-langkah untuk memulai bisnis konsultan dengan mempertimbangkan penentuan target pasar spesialisasi layanan dan pemasaran yang efektif.
cara mengembangkan strategi pemasaran digital,bisnis,indoor,Strategi untuk mengembangkan strategi pemasaran digital yang efektif dengan memanfaatkan platform online dan alat pemasaran digital.
cara mengelola rantai pasokan global,bisnis,indoor,Petunjuk untuk mengelola rantai pasokan secara global dengan efisien termasuk manajemen logistik koordinasi pemasok dan pengendalian kualitas.
cara memahami analisis SWOT untuk bisnis,bisnis,indoor,Penjelasan tentang analisis SWOT dan penerapannya dalam mengevaluasi kekuatan kelemahan peluang dan ancaman dalam bisnis.
cara mengoptimalkan pengalaman pelanggan,bisnis,indoor,Strategi untuk mengoptimalkan pengalaman pelanggan dengan memahami kebutuhan dan preferensi pelanggan serta meningkatkan layanan dan interaksi.
cara mengembangkan bisnis e-commerce,bisnis,indoor,Langkah-langkah untuk mengembangkan bisnis e-commerce yang sukses termasuk pengembangan platform strategi pemasaran dan manajemen transaksi.
cara memulai bisnis franchise,bisnis,indoor,Petunjuk untuk memulai bisnis waralaba dengan memilih merek yang tepat memahami kontrak waralaba dan merencanakan operasional bisnis.
cara mengelola keuangan bisnis dengan baik,bisnis,indoor,Strategi untuk mengelola keuangan bisnis dengan baik termasuk perencanaan anggaran pengelolaan kas dan analisis keuangan secara berkala.
cara mengembangkan strategi penetrasi pasar,bisnis,indoor,Petunjuk untuk mengembangkan strategi penetrasi pasar yang efektif dengan memahami pasar target dan mengoptimalkan keunggulan kompetitif.
cara memahami tren bisnis terkini,bisnis,indoor,Penjelasan tentang tren bisnis terkini teknologi baru dan perubahan pasar yang dapat memengaruhi strategi bisnis.
cara memahami risiko bisnis internasional,bisnis,indoor,Penjelasan tentang risiko bisnis internasional dan strategi pengelolaan risiko dalam konteks pasar global.
cara mengembangkan strategi diversifikasi,bisnis,indoor,Strategi untuk mengembangkan diversifikasi produk atau layanan untuk mengurangi risiko dan memperluas pangsa pasar.
cara memulai bisnis distribusi,bisnis,indoor,Petunjuk langkah demi langkah untuk memulai bisnis distribusi dengan mempertimbangkan penentuan produk jaringan distribusi dan manajemen stok yang efisien.
cara mengelola bisnis jasa,bisnis,indoor,Strategi untuk mengelola bisnis jasa dengan efektif termasuk pengembangan layanan manajemen kualitas dan pemasaran yang tepat sasaran.
cara memahami strategi penetrasi pasar,bisnis,indoor,Penjelasan tentang strategi penetrasi pasar dan penerapannya dalam menjangkau pasar baru atau memperluas pangsa pasar yang ada.
cara mengoptimalkan bisnis waralaba,bisnis,indoor,Strategi untuk mengoptimalkan bisnis waralaba dengan memahami perjanjian waralaba pelatihan karyawan dan pengawasan operasional yang efektif.
cara memulai bisnis franchise makanan,bisnis,indoor,Petunjuk langkah demi langkah untuk memulai bisnis waralaba makanan dengan memilih konsep waralaba yang sesuai dan merencanakan operasional bisnis.
cara mengembangkan bisnis kreatif,bisnis,indoor,Strategi untuk mengembangkan bisnis kreatif dengan memanfaatkan inovasi kreativitas dan pemasaran yang unik.
cara mengelola bisnis ritel,bisnis,indoor,Petunjuk untuk mengelola bisnis ritel dengan efektif termasuk manajemen inventaris layanan pelanggan dan pengalaman belanja yang memikat.
cara memahami analisis risiko bisnis,bisnis,indoor,Penjelasan tentang analisis risiko bisnis identifikasi risiko potensial dan pengembangan strategi pengelolaan risiko yang efektif.
cara mengembangkan strategi branding bisnis,bisnis,indoor,Petunjuk untuk mengembangkan strategi branding yang efektif dengan memahami identitas merek diferensiasi pasar dan pemasaran merek secara konsisten.
cara memahami strategi penetrasi pasar global,bisnis,indoor,Penjelasan tentang strategi penetrasi pasar global dan penerapannya dalam memasuki pasar internasional dengan sukses.
cara mengembangkan bisnis periklanan,bisnis,indoor,Langkah-langkah untuk mengembangkan bisnis periklanan dengan memahami tren periklanan kebutuhan klien dan inovasi kreatif dalam pemasaran.
cara memulai bisnis katering,bisnis,indoor,Langkah-langkah untuk memulai bisnis katering dengan memahami pasar target menyusun menu
cara membuat kue kukus,resep,indoor,Panduan langkah demi langkah dalam membuat kue kukus yang lezat dan empuk
cara membangun rumah,pendidikan,indoor,Panduan langkah demi langkah dalam membangun sebuah rumah.
cara membuat backend dengan django rest,pemrograman,indoor,Panduan langkah demi langkah untuk membuat backend menggunakan Django Rest Framework
cara membuat kue lapis,kuliner,indoor,Kursus ini akan mengajarkan Anda cara membuat kue lapis yang lezat.
cara lulus program bangkit academy,pendidikan,indoor,Panduan ini memberikan langkah-langkah untuk sukses menyelesaikan program Bangkit Academy.
cara menjadi orang kaya,pendidikan,indoor,Panduan kursus ini akan mengajarkan Anda langkah-langkah untuk meraih kesuksesan finansial dan menjadi orang kaya.
cara belajar JavaScript,pemrograman,indoor,Belajar JavaScript dengan efektif dan memahami konsep dasar pemrograman web.
cara memulai bisnis online,bisnis,indoor,Memulai bisnis online dengan pemahaman tentang e-commerce dan pemasaran digital.
belajar teknik sulap,hobi,indoor,Mempelajari teknik dasar sulap dan bagaimana mempresentasikannya secara menarik.
cara membuat taman vertikal,hobi,outdoor,Membuat taman vertikal dengan pemahaman tentang pemilihan tanaman dan perawatan.
cara membuat vlog,hobi,indoor,Memulai perjalanan membuat vlog dengan pemahaman tentang editing video dan storytelling.
cara merawat bonsai,hobi,indoor,Merawat bonsai dengan pemahaman tentang pemangkasan dan perawatan tanah.
cara menggunakan teknologi AI,teknologi,indoor,Memahami penggunaan teknologi kecerdasan buatan (AI) dalam berbagai aplikasi dan industri.
cara memulai blog teknologi,teknologi,indoor,Memulai blog tentang teknologi dengan menulis konten informatif dan terkini.
cara mengamankan jaringan komputer,teknologi,indoor,Mengamankan jaringan komputer dengan pemahaman tentang keamanan informasi dan enkripsi.
cara melakukan penetration testing,teknologi,indoor,Melakukan penetration testing untuk mengidentifikasi kelemahan keamanan sistem.
cara menginstal dan mengonfigurasi Linux,teknologi,indoor,Menginstal dan mengonfigurasi sistem operasi Linux dengan pemahaman dasar administrasi.
cara menggunakan teknologi 5G,teknologi,indoor,Memahami penggunaan teknologi 5G dalam koneksi internet dan perkembangan komunikasi.
cara menggunakan teknologi cloud,teknologi,indoor,Memahami konsep teknologi cloud dan penerapannya dalam penyimpanan dan pengelolaan data.
cara mengatasi masalah teknis,teknologi,indoor,Mengatasi masalah teknis dengan pendekatan pemecahan masalah yang sistematis.
cara mengikuti perkembangan teknologi,teknologi,indoor,"Mengikuti perkembangan teknologi dengan membaca berita, artikel, dan mengikuti komunitas online."
cara menggunakan teknologi VR,teknologi,indoor,Memahami penggunaan teknologi Virtual Reality (VR) dalam pengalaman multimedia.
cara menggunakan teknologi smart home,teknologi,indoor,Memahami penggunaan teknologi smart home untuk meningkatkan kenyamanan dan efisiensi energi.
cara mengamankan data pribadi online,teknologi,indoor,Mengamankan data pribadi online dengan pemahaman tentang enkripsi dan proteksi privasi.
cara membuat animasi dengan teknologi,teknologi,indoor,Membuat animasi dengan menggunakan teknologi grafis dan animasi digital.
memahami konsep augmented reality,teknologi,indoor,Memahami konsep dasar augmented reality dan aplikasinya dalam dunia nyata.
cara menonton film dengan efektif,hiburan,indoor,menikmati pengalaman menonton film dengan cara yang lebih efektif.
cara membuat podcast,hiburan,indoor,membuat podcast dengan pemahaman tentang peralatan dan teknik penyiaran.
cara bermain permainan papan,hiburan,indoor,mengasah strategi dan keterampilan dalam bermain permainan papan.
cara membuat playlist musik yang cocok,hiburan,indoor,membuat playlist musik yang sesuai dengan suasana hati atau kegiatan.
cara bermain game mobile dengan skill hebat,hiburan,indoor,meningkatkan keterampilan dalam bermain game mobile dengan efektif.
cara menonton pertunjukan teater,hiburan,indoor,menikmati pertunjukan teater dengan memahami unsur-unsur penting dalam drama.
cara menonton konser virtual,hiburan,indoor,menonton konser virtual dengan teknik menciptakan pengalaman konser dari rumah.
cara membuat board game sendiri,hobi,indoor,membuat board game dengan pemahaman tentang aturan dan konsep permainan.
cara bermain game ponsel bersama keluarga,hiburan,indoor,bermain game ponsel bersama keluarga untuk kreasi waktu bersama.
cara menikmati bacaan komik,hiburan,indoor,menikmati bacaan komik dengan cara yang menyenangkan dan mengapresiasi seni gambar.
cara menyusun acara radio sendiri,hiburan,indoor,menyusun acara radio dengan pemahaman tentang pengaturan waktu dan konten.
cara menikmati pertunjukan stand-up comedy,hiburan,indoor,menikmati pertunjukan stand-up comedy dengan paham humor dan seni tawa.
cara membuat permainan video indie,pemrograman,indoor,membuat permainan video indie dengan pemahaman tentang pengembangan permainan.
cara belajar menari salsa,seni,indoor,mempelajari gerakan dasar menari salsa dengan energi dan ritme.
cara membuat film stop motion,hobi,indoor,membuat film stop motion dengan kreativitas dan penggunaan teknik animasi.
cara merancang kostum cosplay yang realistis,hobi,indoor,merancang kostum cosplay dengan fokus pada detail dan akurasi karakter.
cara bermain permainan video retro menggunakan emulator,hiburan,indoor,bermain permainan video retro untuk merasakan nostalgia dan menghargai sejarah video game.
cara menghias kue dengan fondant,makanan,indoor,menghias kue dengan fondant untuk menciptakan dekorasi yang indah dan unik.
cara membuat meme lucu,hiburan,indoor,membuat meme lucu dengan kombinasi gambar dan teks yang menghibur.
cara bermain permainan kartu,hiburan,indoor,bermain permainan kartu dengan variasi aturan dan strategi.
cara menikmati musik klasik,hiburan,indoor,menikmati musik klasik dengan pemahaman tentang genre dan komponennya.
cara membuat video lip-sync yang kreatif,hiburan,indoor,membuat video lip-sync yang kreatif dengan menggabungkan musik dan gerakan.
cara bermain permainan ponsel RPG,hiburan,indoor,bermain permainan ponsel Role-Playing Game (RPG) dengan membangun karakter dan menjalani petualangan.
cara merancang pesta tematik,hiburan,outdoor,merancang pesta tematik dengan konsep dan dekorasi yang serasi.
cara membuat seni graffiti,seni,outdoor,membuat seni graffiti dengan memahami teknik dan gaya yang berbeda.
cara menonton pertandingan e-sports,hiburan,indoor,menonton pertandingan e-sports dengan memahami strategi permainan dan atletika virtual.
cara mengadakan pesta karaoke di rumah,hiburan,indoor,mengadakan pesta karaoke di rumah dengan lagu-lagu favorit dan suasana yang menyenangkan.
cara menonton drama Korea dengan pemahaman,hiburan,indoor,menonton drama Korea dengan pemahaman budaya dan analisis cerita.
cara membuat rencana piknik yang seru,hiburan,outdoor,membuat rencana piknik yang seru dengan memilih lokasi dan persiapan yang tepat.
cara bermain permainan ponsel MOBA,hiburan,indoor,bermain permainan ponsel Multiplayer Online Battle Arena (MOBA) dengan tim yang solid.
cara membuat video gameplay,hobi,indoor,membuat video gameplay dengan teknik perekaman dan komentator yang menarik.
cara membuat origami yang bergerak,seni,indoor,membuat origami yang bergerak dengan menggabungkan seni kertas dan mekanika sederhana.
cara mengadakan malam permainan bersama teman,hiburan,indoor,mengadakan malam permainan bersama teman dengan berbagai pilihan permainan.
cara melukis dengan cat air,seni,indoor,melukis dengan cat air untuk menciptakan karya seni yang transparan dan ekspressif.
cara membuat sketsa wajah dengan pensil,seni,indoor,membuat sketsa wajah menggunakan pensil dengan fokus pada proporsi dan detail.
cara menciptakan seni digital,seni,indoor,menciptakan seni digital dengan menggunakan perangkat lunak desain grafis.
belajar menari tarian tradisional,seni,indoor,belajar menari tarian tradisional dengan memahami gerakan dan makna budaya.
cara membuat patung dari tanah liat,seni,indoor,membuat patung dari tanah liat dengan teknik membentuk dan mengukir.
belajar melodi gitar,seni,indoor,"belajar melodi gitar dengan memahami akord, teknik petik, dan ritme."
cara memahami aliran seni kontemporer,seni,indoor,memahami aliran seni kontemporer dengan mengeksplorasi karya-karya seniman modern.
cara menghias kanvas dengan pouring,seni,indoor,menghias kanvas dengan pouring technique untuk menciptakan efek abstrak dan unik.
cara membuat seni kolase,seni,indoor,membuat seni kolase dengan menggabungkan berbagai bahan dan elemen visual.
cara belajar teknik fotografi makro,seni,indoor,belajar teknik fotografi makro untuk mengambil gambar detail dari objek kecil.
cara merancang logo,seni,indoor,merancang logo dengan memahami prinsip desain dan identitas merek.
belajar tarian modern,seni,indoor,belajar menari tarian modern dengan fokus pada ekspresi diri dan gerakan kontemporer.
cara menghias telur Paskah,seni,indoor,menghias telur Paskah dengan berbagai motif dan teknik pewarnaan.
belajar melukis kanvas abstrak,seni,indoor,belajar melukis kanvas abstrak dengan ekspresi bebas dan penggunaan warna yang kreatif.
cara membuat seni lukis kaca,seni,indoor,membuat seni lukis kaca dengan teknik melukis dan menghias permukaan kaca.
belajar seni tato temporary,seni,indoor,belajar seni tato temporary dengan stencil dan pewarnaan yang aman.
belajar tari hip-hop,seni,indoor,"belajar tari hip-hop dengan memahami gerakan, ritme, dan koreografi."
belajar seni batik,seni,indoor,belajar seni batik dengan teknik membatik kain menggunakan lilin dan pewarna.
cara menghias topi dengan bordir,seni,indoor,menghias topi dengan bordir untuk menciptakan aksesori yang unik.
cara memulai karir di bidang IT,teknologi,indoor,memulai karir di bidang Teknologi Informasi dengan memahami langkah-langkah dan persiapan yang diperlukan.
cara mengembangkan aplikasi berbasis cloud,pemrograman,indoor,mengembangkan aplikasi berbasis cloud dengan memanfaatkan layanan cloud computing.
cara menggunakan teknologi voice recognition,teknologi,indoor,menggunakan teknologi voice recognition untuk pengembangan aplikasi berbasis suara.
memahami konsep Internet of Behaviors,teknologi,indoor,memahami konsep Internet of Behaviors (IoB) dalam pengumpulan dan analisis data perilaku manusia.
cara memulai bisnis teknologi startup,bisnis,indoor,"memulai bisnis teknologi startup dengan memahami proses pendirian, pengembangan produk, dan strategi pemasaran."
cara belajar tentang kecerdasan buatan,teknologi,indoor,belajar tentang kecerdasan buatan (AI) dengan pemahaman mendalam tentang algoritma dan aplikasinya.
cara mengatasi kecanduan teknologi,teknologi,indoor,mengatasi kecanduan teknologi dengan mengimplementasikan kebiasaan dan batasan penggunaan.
memahami konsep Quantum Computing,teknologi,indoor,memahami konsep dasar Quantum Computing dan potensinya dalam pemrosesan informasi.
cara belajar tentang keamanan cyber,teknologi,indoor,"belajar tentang keamanan cyber dengan memahami ancaman, teknik serangan, dan cara melindungi sistem."
cara merancang produk teknologi,teknologi,indoor,merancang produk teknologi dengan memahami kebutuhan pengguna dan perkembangan pasar.
belajar memahami konsep Mixed Reality,teknologi,indoor,memahami konsep Mixed Reality (MR) dan aplikasinya dalam menciptakan pengalaman visual yang immersif.
cara menggunakan teknologi edge computing,teknologi,indoor,menggunakan teknologi edge computing untuk pemrosesan data secara lokal dan responsif.
belajar memahami konsep Internet of Medical Things,teknologi,indoor,memahami konsep Internet of Medical Things (IoMT) dalam transformasi layanan kesehatan.
cara menggunakan teknologi Augmented Analytics,teknologi,indoor,menggunakan teknologi Augmented Analytics untuk analisis data yang lebih canggih dan prediktif.
cara menggunakan teknologi smart cities,teknologi,indoor,menggunakan teknologi smart cities untuk meningkatkan efisiensi layanan perkotaan.
cara belajar tentang pengembangan aplikasi mobile cross-platform,pemrograman,indoor,belajar tentang pengembangan aplikasi mobile cross-platform dengan menggunakan framework yang mendukung.
cara mengintegrasikan teknologi kecerdasan buatan dalam bisnis,bisnis,indoor,mengintegrasikan teknologi kecerdasan buatan dalam bisnis untuk meningkatkan produktivitas dan pengambilan keputusan.
cara menggunakan teknologi 3D printing,teknologi,indoor,menggunakan teknologi 3D printing untuk prototyping dan produksi komponen.
belajar tentang teknologi wearable,teknologi,indoor,"belajar tentang teknologi wearable dan aplikasinya dalam kesehatan, kebugaran, dan produktivitas."
cara memulai koleksi koin antik,hobi,indoor,memulai koleksi koin antik dengan memahami nilai historis dan proses identifikasi.
cara melukis mural di dinding,seni,outdoor,melukis mural di dinding sebagai ekspresi seni besar yang memerlukan teknik dan kreativitas.
cara membuat model pesawat terbang,hobi,indoor,membuat model pesawat terbang dari kit dengan ketelitian dan keterampilan detail.
cara mendesain dan membuat papan skateboard,hobi,indoor,mendesain dan membuat papan skateboard dengan menyesuaikan gaya dan preferensi pengguna.
cara mengumpulkan boneka action figure,hobi,indoor,mengumpulkan boneka action figure dengan memahami nilai koleksi dan tren pasar.
cara merakit model kapal,hobi,indoor,merakit model kapal dengan ketelitian dan pemahaman tentang sejarah kapal.
cara belajar dan menguasai permainan catur,hobi,indoor,belajar dan menguasai permainan catur dengan strategi dan analisis pergerakan.
cara memulai koleksi kartu pos,hobi,indoor,"memulai koleksi kartu pos dengan fokus pada tema, waktu, atau lokasi tertentu."
cara membuat miniatur rumah dari kardus,hobi,indoor,membuat miniatur rumah dari kardus dengan detail furnitur dan dekorasi.
cara memulai koleksi vinil musik,hobi,indoor,memulai koleksi vinil musik dengan memahami kualitas suara dan nilai koleksi.
cara mengumpulkan perangko,hobi,indoor,mengumpulkan perangko dengan memahami sejarah dan nilai koleksi filateli.
cara bermain instrumen musik ukulele,hobi,indoor,belajar bermain instrumen musik ukulele dengan akord dasar dan lagu-lagu populer.
cara membuat scrapbook kenangan,hobi,indoor,membuat scrapbook kenangan dengan mengumpulkan foto dan memorabilia dalam desain kreatif.
cara memulai koleksi kamera vintage,hobi,indoor,memulai koleksi kamera vintage dengan memahami karakteristik dan sejarah setiap model.
cara mengumpulkan memorabilia film,hobi,indoor,mengumpulkan memorabilia film dengan fokus pada properti asli dan merchandise resmi.
cara menjalani gaya hidup vegetarian,kesehatan,indoor,menjalani gaya hidup vegetarian sebagai hobi yang mendukung kesehatan dan keberlanjutan.
cara mengembangkan rutinitas kebugaran,kesehatan,indoor,mengembangkan rutinitas kebugaran sebagai hobi untuk meningkatkan kesehatan fisik.
cara menanam tanaman obat di rumah,kesehatan,indoor,menanam tanaman obat di rumah sebagai hobi yang mendukung kesehatan alami.
cara bermeditasi untuk mengurangi stres,kesehatan,indoor,bermeditasi untuk mengurangi stres sebagai hobi yang mendukung kesehatan mental.
cara menjalani gaya hidup aktif,kesehatan,indoor,menjalani gaya hidup aktif dengan berbagai kegiatan olahraga dan rekreasi.
cara mengikuti kelas tari aerobik,kesehatan,indoor,mengikuti kelas tari aerobik sebagai hobi untuk meningkatkan kebugaran kardiovaskular.
cara memasak hidangan kesehatan,kesehatan,indoor,memasak hidangan kesehatan sebagai hobi untuk menjaga pola makan yang seimbang.
cara belajar seni bela diri,olahraga,indoor,belajar seni bela diri sebagai hobi untuk meningkatkan keterampilan pertahanan diri.
cara mengikuti kelas pilates,kesehatan,indoor,mengikuti kelas pilates sebagai hobi untuk memperkuat otot inti dan meningkatkan postur tubuh.
cara berpetualang dengan hiking,kesehatan,outdoor,berpetualang dengan hiking sebagai hobi untuk menjelajahi alam dan meningkatkan kebugaran.
cara berlatih mindfulness sehari-hari,kesehatan,indoor,berlatih mindfulness sehari-hari sebagai hobi untuk meningkatkan kesadaran dan kesehatan mental.
cara mengikuti kelas dance fitness,kesehatan,indoor,mengikuti kelas dance fitness sebagai hobi untuk meningkatkan kebugaran sambil menari.
cara merencanakan perjalanan hiking,kesehatan,outdoor,merencanakan perjalanan hiking sebagai hobi untuk menjelajahi berbagai rute dan pemandangan.
cara berlatih taichi untuk kesehatan,kesehatan,indoor,berlatih taichi untuk kesehatan sebagai hobi untuk meningkatkan keseimbangan dan fleksibilitas.
cara menjalani olahraga air seperti kayak,olahraga,outdoor,menjalani olahraga air seperti kayak sebagai hobi yang menyegarkan dan melibatkan tubuh secara menyeluruh.
cara memulai komunitas kebugaran online,kesehatan,indoor,memulai komunitas kebugaran online sebagai hobi untuk berbagi motivasi dan dukungan.
cara mengatasi insomnia dan tidur nyenyak,kesehatan,indoor,mengatasi insomnia dan menciptakan rutinitas tidur yang sehat.
cara mengintegrasikan yoga dalam rutinitas harian,kesehatan,indoor,mengintegrasikan yoga dalam rutinitas harian untuk meningkatkan fleksibilitas dan keseimbangan.
cara menjalani diet Mediterania,kesehatan,indoor,menjalani diet Mediterania sebagai gaya makan untuk kesehatan jantung dan kebugaran umum.
cara melakukan latihan pernapasan,kesehatan,indoor,melakukan latihan pernapasan sebagai teknik relaksasi dan peningkatan kapasitas paru-paru.
cara memulai kebiasaan minum air lemon,kesehatan,indoor,memulai kebiasaan minum air lemon setiap pagi untuk mendukung sistem pencernaan dan detoksifikasi.
cara menjalani hidup tanpa gula tambahan,kesehatan,indoor,menjalani hidup tanpa gula tambahan sebagai langkah untuk meningkatkan kesehatan metabolisme.
cara mengurangi konsumsi kafein,kesehatan,indoor,mengurangi konsumsi kafein sebagai langkah untuk meningkatkan kualitas tidur dan kesehatan mental.
cara belajar teknik relaksasi progresif,kesehatan,indoor,belajar teknik relaksasi progresif sebagai cara mengurangi ketegangan otot dan kecemasan.
belajar menyiapkan smoothie sehat,kesehatan,indoor,belajar menyiapkan smoothie sehat sebagai cara menyenangkan untuk mendapatkan nutrisi.
cara menjalani hidup aktif setelah pensiun,kesehatan,outdoor,menjalani hidup aktif setelah pensiun untuk menjaga kesehatan fisik dan mental.
cara melakukan senam kegel untuk kesehatan,kesehatan,indoor,melakukan senam kegel sebagai latihan untuk memperkuat otot panggul dan meningkatkan kesehatan seksual.
cara memulai program pelatihan HIIT,kesehatan,indoor,memulai program pelatihan High-Intensity Interval Training (HIIT) untuk pembakaran kalori efektif.
cara menjalani pola makan fleksitarian,kesehatan,indoor,menjalani pola makan fleksitarian sebagai kombinasi pola makan vegetarian dan konsumsi daging yang bijaksana.
merencanakan dan menjalani detoks digital,kesehatan,indoor,merencanakan dan menjalani detoks digital sebagai cara untuk mengurangi dampak stres teknologi.
cara memulai berlari trail,olahraga,outdoor,memulai berlari trail sebagai bentuk olahraga yang menyenangkan dan menantang.
belajar bermain sepak takraw,olahraga,outdoor,"belajar bermain sepak takraw sebagai olahraga unik yang menggabungkan sepak bola, voli, dan takraw."
cara memulai latihan parkour,olahraga,outdoor,memulai latihan parkour sebagai bentuk olahraga urban yang melibatkan gerakan lincah dan kreativitas.
cara memulai latihan triathlon,olahraga,outdoor,"memulai latihan triathlon sebagai olahraga gabungan lari, bersepeda, dan renang."
cara bermain cricket untuk pemula,olahraga,outdoor,bermain cricket untuk pemula dengan memahami aturan dasar dan teknik pukulan dan lemparan.
cara bermain floorball,olahraga,indoor,bermain floorball sebagai olahraga ringan yang mirip hoki tetapi dimainkan di dalam ruangan.
cara memulai latihan Muay Thai,olahraga,indoor,memulai latihan Muay Thai sebagai seni bela diri dan olahraga pukulan yang berasal dari Thailand.
belajar teknik anggar,olahraga,indoor,belajar teknik anggar sebagai olahraga pedang yang melibatkan strategi dan kelincahan.
cara memulai latihan jiu-jitsu,olahraga,indoor,memulai latihan jiu-jitsu sebagai seni bela diri dan olahraga bela diri tanah.
cara berlatih teknik servis terbaik dalam tenis meja,olahraga,indoor,berlatih teknik servis terbaik dalam tenis meja untuk meningkatkan keahlian permainan.
cara bermain sepak bola gaya freestyle,olahraga,outdoor,bermain sepak bola gaya freestyle dengan trik dan gerakan artistik menggunakan bola.
cara bermain softball dengan teknik pitching unik,olahraga,outdoor,bermain softball dengan teknik pitching unik untuk menciptakan variasi dan kejutan dalam permainan.
cara bermain curling dengan teknik strategis,olahraga,indoor,bermain curling dengan teknik strategis untuk mencapai presisi dan pengaturan yang optimal.
cara bermain tennis dengan tangan dominan berbeda,olahraga,outdoor,bermain tennis dengan tangan dominan berbeda sebagai tantangan untuk meningkatkan keterampilan.
cara bermain basket dalam format 3x3,olahraga,outdoor,bermain basket dalam format 3x3 sebagai olahraga tim yang kompak dan cepat.
cara bermain sepak takraw dengan teknik servis canggih,olahraga,outdoor,bermain sepak takraw dengan teknik servis canggih untuk meningkatkan kemampuan dalam permainan.
cara bermain golf dengan penuh kreativitas,olahraga,outdoor,bermain golf dengan penuh kreativitas dengan menciptakan variasi dan tantangan baru dalam permainan.
cara bermain rugby tanpa kontak fisik,olahraga,outdoor,bermain rugby tanpa kontak fisik sebagai variasi untuk menghindari cedera selama permainan.
cara bermain bowling dengan teknik penuh putaran,olahraga,indoor,bermain bowling dengan teknik penuh putaran untuk meningkatkan keakuratan dan perolehan poin.
cara bermain baseball dengan bat tangan kiri,olahraga,outdoor,bermain baseball dengan menggunakan bat tangan kiri sebagai tantangan tambahan dalam permainan.
cara bermain sepak bola untuk anak-anak dengan disabilitas,olahraga,outdoor,bermain sepak bola untuk anak-anak dengan disabilitas dengan memodifikasi aturan dan peralatan.
cara bermain tenis dengan teknik pukulan unik,olahraga,outdoor,bermain tenis dengan teknik pukulan unik untuk menambah variasi dalam permainan.
cara bermain hoki es dengan teknik bermain hati-hati,olahraga,outdoor,bermain hoki es dengan teknik bermain hati-hati untuk meminimalkan risiko cedera.
cara bermain panjat tebing untuk pemula,olahraga,outdoor,bermain panjat tebing untuk pemula dengan fokus pada teknik dasar dan keamanan.
cara bermain sepak bola pantai tanpa menggunakan tangan,olahraga,outdoor,bermain sepak bola pantai tanpa menggunakan tangan sebagai tantangan tambahan.
cara bermain kriket dalam format T10,olahraga,outdoor,bermain kriket dalam format T10 sebagai permainan singkat dan intensif.
cara bermain sepak takraw dengan tiga pemain,olahraga,outdoor,bermain sepak takraw dengan tiga pemain untuk menciptakan dinamika permainan yang berbeda.
cara bermain golf di lapangan dengan medan sulit,olahraga,outdoor,bermain golf di lapangan dengan medan sulit untuk meningkatkan tantangan permainan.
cara bermain baseball dalam kondisi cuaca buruk,olahraga,outdoor,bermain baseball dalam kondisi cuaca buruk sebagai simulasi tantangan ekstrem.
cara bermain rugby dengan aturan modifikasi,olahraga,outdoor,bermain rugby dengan aturan modifikasi untuk memfasilitasi partisipasi semua pemain.
cara bermain sepak bola dengan aturan sepak terbang,olahraga,outdoor,bermain sepak bola dengan aturan sepak terbang sebagai variasi permainan.
cara bermain bowling dengan bola yang beratnya bervariasi,olahraga,indoor,bermain bowling dengan bola yang beratnya bervariasi untuk tantangan ekstra.
cara bermain baseball menggunakan bola bisbol berat,olahraga,outdoor,bermain baseball menggunakan bola bisbol berat untuk melatih kekuatan dan akurasi pukulan.
cara bermain sepak bola dengan bola yang berpendar,olahraga,outdoor,bermain sepak bola dengan bola yang berpendar untuk permainan malam yang seru.
cara merawat mobil listrik secara efektif,otomotif,indoor,merawat mobil listrik secara efektif untuk memaksimalkan kinerja dan masa pakai baterai.
cara memilih ban mobil yang sesuai,otomotif,outdoor,memilih ban mobil yang sesuai dengan kebutuhan dan kondisi berkendara.
cara mengatur posisi duduk yang ergonomis saat berkendara,otomotif,indoor,mengatur posisi duduk yang ergonomis saat berkendara untuk kenyamanan dan keamanan.
cara merawat cat mobil agar tetap mengkilap,otomotif,outdoor,merawat cat mobil agar tetap mengkilap dengan teknik pembersihan dan perawatan yang tepat.
cara melakukan perawatan dasar mesin mobil,otomotif,indoor,melakukan perawatan dasar mesin mobil untuk menjaga performa dan efisiensi.
cara memilih oli mesin yang sesuai,otomotif,indoor,memilih oli mesin yang sesuai dengan spesifikasi mobil dan kondisi penggunaan.
cara mengemudi mobil dengan transmisi manual,otomotif,outdoor,mengemudi mobil dengan transmisi manual dengan teknik yang benar dan efisien.
cara melakukan perawatan AC mobil,otomotif,indoor,melakukan perawatan AC mobil untuk menjaga kinerja dan kenyamanan dalam berkendara.
cara mengganti lampu mobil sendiri,otomotif,outdoor,mengganti lampu mobil sendiri dengan langkah-langkah yang mudah dan aman.
cara memilih audio sistem mobil yang baik,otomotif,indoor,memilih audio sistem mobil yang baik dengan memperhatikan kualitas suara dan fitur tambahan.
cara merawat kaki-kaki mobil dengan baik,otomotif,outdoor,merawat kaki-kaki mobil dengan baik untuk menjaga stabilitas dan keamanan berkendara.
cara memilih mobil bekas berkualitas,otomotif,indoor,"memilih mobil bekas berkualitas dengan memperhatikan kondisi mesin, bodi, dan riwayat perawatan."
cara mengatasi ban kempes di jalan,otomotif,outdoor,mengatasi ban kempes di jalan dengan langkah-langkah darurat dan peralatan yang diperlukan.
cara melakukan perawatan kelistrikan mobil,otomotif,indoor,melakukan perawatan kelistrikan mobil untuk menghindari masalah listrik yang tidak diinginkan.
cara memilih rem mobil yang aman dan efisien,otomotif,outdoor,memilih rem mobil yang aman dan efisien dengan memperhatikan jenis dan kualitas material.
cara mengatasi mobil yang mogok di tengah jalan,otomotif,outdoor,mengatasi mobil yang mogok di tengah jalan dengan langkah-langkah darurat dan pengecekan sederhana.
cara memasang dan merawat wiper mobil,otomotif,outdoor,memasang dan merawat wiper mobil untuk menjaga visibilitas saat berkendara dalam kondisi hujan.
cara mengganti busi mobil secara mandiri,otomotif,outdoor,mengganti busi mobil secara mandiri dengan langkah-langkah yang tepat dan alat yang diperlukan.
cara melakukan perawatan sistem suspensi mobil,otomotif,outdoor,melakukan perawatan sistem suspensi mobil untuk menjaga kenyamanan dan stabilitas.
cara memilih bahan bakar yang sesuai untuk mobil,otomotif,indoor,memilih bahan bakar yang sesuai untuk mobil dengan mempertimbangkan jenis mesin dan spesifikasi pabrikan.
cara membersihkan dan merawat interior mobil,otomotif,indoor,membersihkan dan merawat interior mobil untuk kenyamanan dan keindahan.
cara mengatasi mesin mobil yang overheat,otomotif,outdoor,mengatasi mesin mobil yang overheat dengan langkah-langkah darurat dan pencegahan.
cara memilih cover mobil yang tepat,otomotif,indoor,memilih cover mobil yang tepat untuk melindungi mobil dari cuaca dan debu.
cara melakukan perawatan sistem kelistrikan AC mobil,otomotif,indoor,melakukan perawatan sistem kelistrikan AC mobil untuk menjaga kinerja dan daya tahan.
cara memilih velg mobil yang sesuai,otomotif,outdoor,memilih velg mobil yang sesuai dengan gaya dan kebutuhan berkendara.
cara merawat rem cakram mobil,otomotif,indoor,merawat rem cakram mobil untuk menjaga kinerja pengereman yang optimal.
cara mengganti kampas rem mobil,otomotif,outdoor,mengganti kampas rem mobil dengan langkah-langkah yang tepat untuk keamanan berkendara.
cara memilih oli rem yang berkualitas,otomotif,indoor,memilih oli rem yang berkualitas untuk menjaga keandalan sistem pengereman.
cara mengatasi masalah mesin mobil yang tidak mau hidup,otomotif,outdoor,mengatasi masalah mesin mobil yang tidak mau hidup dengan langkah-langkah pemecahan masalah.
cara memilih jarak ban mobil yang tepat,otomotif,outdoor,memilih jarak ban mobil yang tepat untuk meningkatkan kenyamanan dan performa kendaraan.
cara melakukan balancing roda mobil,otomotif,outdoor,melakukan balancing roda mobil untuk menghindari getaran dan ketidaknyamanan saat berkendara.
cara memeriksa dan mengganti filter udara mobil,otomotif,indoor,memeriksa dan mengganti filter udara mobil sebagai bagian dari perawatan rutin.
cara melakukan perawatan rutin sistem transmisi,otomotif,indoor,melakukan perawatan rutin pada sistem transmisi mobil untuk menjaga performa dan umur pakai.
cara memilih sistem suspensi yang sesuai,otomotif,indoor,memilih sistem suspensi yang sesuai dengan gaya berkendara dan kondisi jalan.
cara memeriksa dan mengganti kampas kopling mobil,otomotif,outdoor,memeriksa dan mengganti kampas kopling mobil untuk menjaga kinerja kopling.
cara memilih knalpot mobil yang berkualitas,otomotif,indoor,memilih knalpot mobil yang berkualitas untuk meningkatkan performa dan estetika kendaraan.
cara merawat dan membersihkan interior kabin mobil,otomotif,indoor,merawat dan membersihkan interior kabin mobil untuk kenyamanan dan kebersihan.
cara mengatasi mesin mobil yang sering mati,otomotif,outdoor,mengatasi masalah mesin mobil yang sering mati dengan langkah-langkah perbaikan sederhana.
cara mengganti wiper mobil dengan mudah,otomotif,outdoor,mengganti wiper mobil dengan mudah untuk menjaga visibilitas saat berkendara.
cara melakukan tune-up mesin mobil secara berkala,otomotif,indoor,melakukan tune-up mesin mobil secara berkala untuk menjaga performa optimal.
cara memilih dan merawat aki mobil,otomotif,indoor,memilih dan merawat aki mobil untuk mencegah masalah start-up.
cara mengecek sistem pengapian mobil,otomotif,indoor,mengecek sistem pengapian mobil untuk mengidentifikasi masalah dan meningkatkan efisiensi.
cara merawat kunci kontak mobil,otomotif,indoor,merawat kunci kontak mobil agar tetap berfungsi dengan baik.
cara memilih sistem navigasi untuk mobil,otomotif,indoor,memilih sistem navigasi yang cocok untuk mobil dengan fitur dan keakuratan yang diinginkan.
cara mengatasi mobil overheat di tengah perjalanan,otomotif,outdoor,mengatasi masalah mobil yang overheat di tengah perjalanan dengan solusi darurat.
cara mengganti kaca spion mobil dengan benar,otomotif,outdoor,mengganti kaca spion mobil dengan benar untuk keamanan dan kenyamanan berkendara.
cara merawat sistem injeksi bahan bakar mobil,otomotif,indoor,merawat sistem injeksi bahan bakar mobil untuk menjaga efisiensi dan performa mesin.
cara mengecek dan mengisi angin ban mobil,otomotif,outdoor,mengecek dan mengisi angin ban mobil dengan benar untuk menjaga tekanan yang sesuai.
cara memilih dan merawat kamera mundur mobil,otomotif,indoor,memilih dan merawat kamera mundur mobil sebagai fitur keamanan tambahan.
cara melakukan perawatan rutin pada transmisi otomatis,otomotif,indoor,melakukan perawatan rutin pada transmisi otomatis untuk mencegah kerusakan dan memperpanjang umur pakai.
